ticker,name,asset_type,sector_group
A,"Agilent Technologies",Equity,"Healthcare → Diagnostics & Research"
AA,"Alcoa",Equity,"Basic Materials → Aluminum"
AAPL,"Apple",Equity,"Technology → Consumer Electronics"
AAPU,"Direxion Daily AAPL Bull 2X Shares",ETF,"Leveraged & Inverse"
ABBV,"AbbVie",Equity,"Healthcare → Drug Manufacturers - General"
ABNB,"Airbnb",Equity,"Consumer Cyclical → Travel Services"
ABSI,"Absci",Equity,"Healthcare → Biotechnology"
ABT,"Abbott Laboratories",Equity,"Healthcare → Medical Devices"
ACA,"Arcosa",Equity,"Industrials → Engineering & Construction"
ACGL,"Arch Capital Group",Equity,"Financial Services → Insurance - Diversified"
ACN,"Accenture",Equity,"Technology → Information Technology Services"
ADBE,"Adobe",Equity,"Technology → Software - Application"
ADI,"Analog Devices",Equity,"Technology → Semiconductors"
ADM,"Archer-Daniels-Midland",Equity,"Consumer Defensive → Farm Products"
ADP,"Automatic Data Processing",Equity,"Technology → Software - Application"
ADSK,"Autodesk",Equity,"Technology → Software - Application"
AEE,"Ameren",Equity,"Utilities → Utilities - Regulated Electric"
AEM,"Agnico Eagle Mines Limited",Equity,"Basic Materials → Gold"
AEP,"American Electric Power Company",Equity,"Utilities → Utilities - Regulated Electric"
AES,"The AES",Equity,"Utilities → Utilities - Diversified"
AFL,"Aflac Incorporated",Equity,"Financial Services → Insurance - Life"
AFRM,"Affirm Holdings",Equity,"Financial Services → Credit Services"
AG,"First Majestic Silver",Equity,"Basic Materials → Silver"
AGG,"iShares Core U.S. Aggregate Bond ETF",ETF,"Index / Sector / Thematic"
AGQ,"ProShares Ultra Silver",ETF,"Leveraged & Inverse"
AI,"C3.ai",Equity,"Technology → Software - Infrastructure"
AIG,"American International Group",Equity,"Financial Services → Insurance - Diversified"
AIZ,"Assurant",Equity,"Financial Services → Insurance - Property & Casualty"
AJG,"Arthur J. Gallagher &",Equity,"Financial Services → Insurance Brokers"
AKAM,"Akamai Technologies",Equity,"Technology → Software - Infrastructure"
ALAB,"Astera Labs",Equity,"Technology → Semiconductors"
ALB,"Albemarle",Equity,"Basic Materials → Specialty Chemicals"
ALGN,"Align Technology",Equity,"Healthcare → Medical Instruments & Supplies"
ALGT,"Allegiant Travel",Equity,"Industrials → Airlines"
ALK,"Alaska Air Group",Equity,"Industrials → Airlines"
ALL,"The Allstate",Equity,"Financial Services → Insurance - Property & Casualty"
ALLE,"Allegion",Equity,"Industrials → Security & Protection Services"
ALLY,"Ally Financial",Equity,"Financial Services → Credit Services"
ALNY,"Alnylam Pharmaceuticals",Equity,"Healthcare → Biotechnology"
ALV,"Autoliv",Equity,"Consumer Cyclical → Auto Parts"
AMAT,"Applied Materials",Equity,"Technology → Semiconductor Equipment & Materials"
AMBA,"Ambarella",Equity,"Technology → Semiconductor Equipment & Materials"
AMCR,"Amcor",Equity,"Consumer Cyclical → Packaging & Containers"
AMD,"Advanced Micro Devices",Equity,"Technology → Semiconductors"
AME,"AMETEK",Equity,"Industrials → Specialty Industrial Machinery"
AMGN,"Amgen",Equity,"Healthcare → Drug Manufacturers - General"
AMKBY,"A.P. Møller - Mærsk A/S",Equity,"Industrials → Marine Shipping"
AMKR,"Amkor Technology",Equity,"Technology → Semiconductor Equipment & Materials"
AMP,"Ameriprise Financial",Equity,"Financial Services → Asset Management"
AMPG,"AmpliTech Group",Equity,"Technology → Communication Equipment"
AMT,"American Tower",Equity,"Real Estate → REIT - Specialty"
AMZN,"Amazon.com",Equity,"Consumer Cyclical → Internet Retail"
AMZU,"Direxion Daily AMZN Bull 2X Shares",ETF,"Leveraged & Inverse"
ANDE,"The Andersons",Equity,"Consumer Defensive → Food Distribution"
ANET,"Arista Networks",Equity,"Technology → Computer Hardware"
ANFGF,"Antofagasta",Equity,"Basic Materials → Copper"
ANGPY,"Valterra Platinum Limited",Equity,"Basic Materials → Other Precious Metals & Mining"
AON,"Aon",Equity,"Financial Services → Insurance Brokers"
AOS,"A. O. Smith",Equity,"Industrials → Specialty Industrial Machinery"
APA,"APA",Equity,"Energy → Oil & Gas E&P"
APD,"Air Products and Chemicals",Equity,"Basic Materials → Specialty Chemicals"
APH,"Amphenol",Equity,"Technology → Electronic Components"
APLD,"Applied Digital",Equity,"Technology → Information Technology Services"
APO,"Apollo Global Management",Equity,"Financial Services → Asset Management"
APP,"AppLovin",Equity,"Communication Services → Advertising Agencies"
APTV,"Aptiv",Equity,"Consumer Cyclical → Auto Parts"
ARE,"Alexandria Real Estate Equities",Equity,"Real Estate → REIT - Office"
ARES,"Ares Management",Equity,"Financial Services → Asset Management"
ARKG,"ARK Genomic Revolution ETF",ETF,"Index / Sector / Thematic"
ARKK,"ARK Innovation ETF",ETF,"Index / Sector / Thematic"
ARM,"Arm Holdings",Equity,"Technology → Semiconductors"
ARQQ,"Arqit Quantum",Equity,"Technology → Software - Infrastructure"
AS,"Amer Sports",Equity,"Consumer Cyclical → Leisure"
ASML,"ASML Holding",Equity,"Technology → Semiconductor Equipment & Materials"
ASX,"ASE Technology Holding Co.",Equity,"Technology → Semiconductors"
ATO,"Atmos Energy",Equity,"Utilities → Utilities - Regulated Gas"
ATOM,"Atomera Incorporated",Equity,"Technology → Semiconductor Equipment & Materials"
ATRO,"Astronics",Equity,"Industrials → Aerospace & Defense"
AU,"AngloGold Ashanti",Equity,"Basic Materials → Gold"
AUR,"Aurora Innovation",Equity,"Consumer Cyclical → Auto Parts"
AVGO,"Broadcom",Equity,"Technology → Semiconductors"
AVPT,"AvePoint",Equity,"Technology → Software - Infrastructure"
AVY,"Avery Dennison",Equity,"Consumer Cyclical → Packaging & Containers"
AWK,"American Water Works Company",Equity,"Utilities → Utilities - Regulated Water"
AXON,"Axon Enterprise",Equity,"Industrials → Aerospace & Defense"
AXP,"American Express",Equity,"Financial Services → Credit Services"
AZO,"AutoZone",Equity,"Consumer Cyclical → Auto Parts"
B,"Barrick Mining",Equity,"Basic Materials → Gold"
BA,"The Boeing",Equity,"Industrials → Aerospace & Defense"
BABA,"Alibaba Group Holding Limited",Equity,"Consumer Cyclical → Internet Retail"
BAC,"Bank of America",Equity,"Financial Services → Banks - Diversified"
BALL,"Ball",Equity,"Consumer Cyclical → Packaging & Containers"
BAX,"Baxter International",Equity,"Healthcare → Medical Instruments & Supplies"
BBAI,"BigBear.ai Holdings",Equity,"Technology → Information Technology Services"
BBBY,"Bed Bath & Beyond",Equity,"Unclassified"
BBGI,"Beasley Broadcast Group",Equity,"Communication Services → Broadcasting"
BBVA,"Banco Bilbao Vizcaya Argentaria",Equity,"Financial Services → Banks - Diversified"
BBY,"Best Buy Co.",Equity,"Consumer Cyclical → Specialty Retail"
BCHG,"Grayscale Bitcoin Cash Trust",Equity,"Unclassified"
BDX,"Becton, Dickinson and",Equity,"Healthcare → Medical Instruments & Supplies"
BEN,"Franklin Templeton",Equity,"Financial Services → Asset Management"
BF-B,"Brown-Forman",Equity,"Consumer Defensive → Beverages - Wineries & Distilleries"
BG,"Bunge Global SA",Equity,"Consumer Defensive → Farm Products"
BHP,"BHP Group Limited",Equity,"Basic Materials → Other Industrial Metals & Mining"
BIDU,"Baidu",Equity,"Communication Services → Internet Content & Information"
BIIB,"Biogen",Equity,"Healthcare → Drug Manufacturers - General"
BILI,"Bilibili",Equity,"Communication Services → Internet Content & Information"
BITB,"Bitwise Bitcoin ETF",ETF,"Digital-Asset Fund"
BITC,"Bitwise Trendwise Bitcoin and Treasuries Rotation Strategy ETF",ETF,"Digital-Asset Fund"
BITO,"ProShares Bitcoin ETF",ETF,"Digital-Asset Fund"
BITQ,"Bitwise Crypto Industry Innovators ETF",ETF,"Digital-Asset Fund"
BITU,"Proshares Ultra Bitcoin ETF",ETF,"Leveraged & Inverse"
BITX,"2x Bitcoin Strategy ETF",ETF,"Leveraged & Inverse"
BKNG,"Booking Holdings",Equity,"Consumer Cyclical → Travel Services"
BKR,"Baker Hughes",Equity,"Energy → Oil & Gas Equipment & Services"
BLDP,"Ballard Power Systems",Equity,"Industrials → Electrical Equipment & Parts"
BLDR,"Builders FirstSource",Equity,"Industrials → Building Products & Equipment"
BLK,"BlackRock",Equity,"Financial Services → Asset Management"
BMY,"Bristol-Myers Squibb",Equity,"Healthcare → Drug Manufacturers - General"
BNY,"The Bank of New York Mellon Cor",Equity,"Financial Services → Banks - Diversified"
BOIL,"ProShares Ultra Bloomberg Natural Gas",ETF,"Leveraged & Inverse"
BOTZ,"Global X Robotics & Artificial Intelligence ETF",ETF,"Index / Sector / Thematic"
BR,"Broadridge Financial Solutions",Equity,"Technology → Information Technology Services"
BRK-B,"Berkshire Hathaway",Equity,"Financial Services → Insurance - Diversified"
BRO,"Brown & Brown",Equity,"Financial Services → Insurance Brokers"
BSOL,"Bitwise Solana Staking ETF",Equity,"Unclassified"
BSX,"Boston Scientific",Equity,"Healthcare → Medical Devices"
BSY,"Bentley Systems, Incorporated",Equity,"Technology → Software - Application"
BTC,"Grayscale Bitcoin Mini Trust ETF",ETF,"Digital-Asset Fund"
BTC-USD,"Bitcoin USD",Crypto,"Cryptocurrency"
BTCT,"BTC Digital",Equity,"Technology → Computer Hardware"
BTF,"CoinShares Bitcoin and Ether ETF",ETF,"Digital-Asset Fund"
BTU,"Peabody Energy",Equity,"Energy → Thermal Coal"
BUD,"Anheuser-Busch InBev SA/NV",Equity,"Consumer Defensive → Beverages - Brewers"
BURL,"Burlington Stores",Equity,"Consumer Cyclical → Apparel Retail"
BX,"Blackstone",Equity,"Financial Services → Asset Management"
BXP,"BXP",Equity,"Real Estate → REIT - Office"
BYDDF,"BYD Company Limited",Equity,"Consumer Cyclical → Auto Manufacturers"
BYND,"Beyond Meat",Equity,"Consumer Defensive → Packaged Foods"
BZFD,"BuzzFeed",Equity,"Communication Services → Internet Content & Information"
C,"Citigroup",Equity,"Financial Services → Banks - Diversified"
CAG,"Conagra Brands",Equity,"Consumer Defensive → Packaged Foods"
CAH,"Cardinal Health",Equity,"Healthcare → Medical Distribution"
CAKE,"The Cheesecake Factory Incorporated",Equity,"Consumer Cyclical → Restaurants"
CARR,"Carrier Global",Equity,"Industrials → Building Products & Equipment"
CART,"Maplebear",Equity,"Consumer Cyclical → Internet Retail"
CASY,"Casey's General Stores",Equity,"Consumer Cyclical → Specialty Retail"
CAT,"Caterpillar",Equity,"Industrials → Farm & Heavy Construction Machinery"
CAVA,"CAVA Group",Equity,"Consumer Cyclical → Restaurants"
CB,"Chubb Limited",Equity,"Financial Services → Insurance - Property & Casualty"
CBOE,"Cboe Global Markets",Equity,"Financial Services → Financial Data & Stock Exchanges"
CBRE,"CBRE Group",Equity,"Real Estate → Real Estate Services"
CCEP,"Coca-Cola Europacific Partners",Equity,"Consumer Defensive → Beverages - Non-Alcoholic"
CCI,"Crown Castle",Equity,"Real Estate → REIT - Specialty"
CCJ,"Cameco",Equity,"Energy → Uranium"
CCL,"Carnival Corporation",Equity,"Consumer Cyclical → Travel Services"
CDNL,"Cardinal Infrastructure Group",Equity,"Industrials → Engineering & Construction"
CDNS,"Cadence Design Systems",Equity,"Technology → Software - Application"
CDW,"CDW",Equity,"Technology → Information Technology Services"
CEG,"Constellation Energy",Equity,"Utilities → Utilities - Independent Power Producers"
CF,"CF Industries Holdings",Equity,"Basic Materials → Agricultural Inputs"
CFG,"Citizens Financial Group",Equity,"Financial Services → Banks - Regional"
CG,"The Carlyle Group",Equity,"Financial Services → Asset Management"
CHD,"Church & Dwight Co.",Equity,"Consumer Defensive → Household & Personal Products"
CHKP,"Check Point Software Technologies",Equity,"Technology → Software - Infrastructure"
CHRW,"C.H. Robinson Worldwide",Equity,"Industrials → Integrated Freight & Logistics"
CHTR,"Charter Communications",Equity,"Communication Services → Telecom Services"
CI,"The Cigna Group",Equity,"Healthcare → Healthcare Plans"
CIEN,"Ciena",Equity,"Technology → Communication Equipment"
CIFR,"Cipher Digital",Equity,"Technology → Information Technology Services"
CINF,"Cincinnati Financial",Equity,"Financial Services → Insurance - Property & Casualty"
CL,"Colgate-Palmolive",Equity,"Consumer Defensive → Household & Personal Products"
CLBT,"Cellebrite DI",Equity,"Technology → Software - Infrastructure"
CLF,"Cleveland-Cliffs",Equity,"Basic Materials → Steel"
CLNE,"Clean Energy Fuels",Equity,"Energy → Oil & Gas Refining & Marketing"
CLSK,"CleanSpark",Equity,"Financial Services → Capital Markets"
CLX,"The Clorox",Equity,"Consumer Defensive → Household & Personal Products"
CMCSA,"Comcast",Equity,"Communication Services → Telecom Services"
CME,"CME Group",Equity,"Financial Services → Financial Data & Stock Exchanges"
CMG,"Chipotle Mexican Grill",Equity,"Consumer Cyclical → Restaurants"
CMI,"Cummins",Equity,"Industrials → Specialty Industrial Machinery"
CMS,"CMS Energy",Equity,"Utilities → Utilities - Regulated Electric"
CNC,"Centene",Equity,"Healthcare → Healthcare Plans"
CNP,"CenterPoint Energy",Equity,"Utilities → Utilities - Regulated Electric"
COF,"Capital One Financial",Equity,"Financial Services → Credit Services"
COHR,"Coherent",Equity,"Technology → Scientific & Technical Instruments"
COIN,"Coinbase Global",Equity,"Financial Services → Financial Data & Stock Exchanges"
COLB,"Columbia Banking System",Equity,"Financial Services → Banks - Regional"
CONL,"GraniteShares 2x Long COIN Daily ETF",ETF,"Leveraged & Inverse"
CONY,"YieldMax COIN Option Income Strategy ETF",ETF,"Leveraged & Inverse"
COO,"The Cooper Companies",Equity,"Healthcare → Medical Instruments & Supplies"
COP,"ConocoPhillips",Equity,"Energy → Oil & Gas E&P"
COPX,"Global X Copper Miners ETF",ETF,"Index / Sector / Thematic"
COR,"Cencora",Equity,"Healthcare → Medical Distribution"
CORZ,"Core Scientific",Equity,"Technology → Software - Infrastructure"
COST,"Costco Wholesale",Equity,"Consumer Defensive → Discount Stores"
CPA,"Copa Holdings",Equity,"Industrials → Airlines"
CPAY,"Corpay",Equity,"Technology → Software - Infrastructure"
CPNG,"Coupang",Equity,"Consumer Cyclical → Internet Retail"
CPRT,"Copart",Equity,"Industrials → Specialty Business Services"
CPT,"Camden Property Trust",Equity,"Real Estate → REIT - Residential"
CRCL,"Circle Internet Group",Equity,"Financial Services → Capital Markets"
CRDO,"Credo Technology Group Holding",Equity,"Technology → Semiconductors"
CRESY,"Cresud Sociedad Anónima, Comercial, Inmobiliaria, Financiera y Agropecuaria",Equity,"Industrials → Conglomerates"
CRH,"CRH",Equity,"Basic Materials → Building Materials"
CRL,"Charles River Laboratories International",Equity,"Healthcare → Diagnostics & Research"
CRM,"Salesforce",Equity,"Technology → Software - Application"
CRML,"Critical Metals",Equity,"Basic Materials → Other Industrial Metals & Mining"
CRWD,"CrowdStrike Holdings",Equity,"Technology → Software - Infrastructure"
CRWV,"CoreWeave",Equity,"Technology → Software - Infrastructure"
CSCO,"Cisco Systems",Equity,"Technology → Communication Equipment"
CSGP,"CoStar Group",Equity,"Real Estate → Real Estate Services"
CSX,"CSX",Equity,"Industrials → Railroads"
CTAS,"Cintas",Equity,"Industrials → Specialty Business Services"
CTSH,"Cognizant Technology Solutions",Equity,"Technology → Information Technology Services"
CTVA,"Corteva",Equity,"Basic Materials → Agricultural Inputs"
CVNA,"Carvana",Equity,"Consumer Cyclical → Auto & Truck Dealerships"
CVS,"CVS Health",Equity,"Healthcare → Healthcare Plans"
CVX,"Chevron",Equity,"Energy → Oil & Gas Integrated"
CXAI,"CXApp",Equity,"Technology → Software - Application"
D,"Dominion Energy",Equity,"Utilities → Utilities - Regulated Electric"
DAL,"Delta Air Lines",Equity,"Industrials → Airlines"
DAR,"Darling Ingredients",Equity,"Consumer Defensive → Packaged Foods"
DASH,"DoorDash",Equity,"Consumer Cyclical → Internet Retail"
DAX,"Global X DAX Germany ETF",ETF,"Index / Sector / Thematic"
DD,"DuPont de Nemours",Equity,"Basic Materials → Specialty Chemicals"
DDM,"ProShares Ultra Dow30",ETF,"Leveraged & Inverse"
DDOG,"Datadog",Equity,"Technology → Software - Application"
DE,"Deere &",Equity,"Industrials → Farm & Heavy Construction Machinery"
DECK,"Deckers Outdoor",Equity,"Consumer Cyclical → Footwear & Accessories"
DELL,"Dell Technologies",Equity,"Technology → Computer Hardware"
DG,"Dollar General",Equity,"Consumer Defensive → Discount Stores"
DGX,"Quest Diagnostics Incorporated",Equity,"Healthcare → Diagnostics & Research"
DHI,"D.R. Horton",Equity,"Consumer Cyclical → Residential Construction"
DHR,"Danaher",Equity,"Healthcare → Diagnostics & Research"
DIA,"State Street SPDR Dow Jones Industrial Average ETF Trust",ETF,"Index / Sector / Thematic"
DIS,"The Walt Disney",Equity,"Communication Services → Entertainment"
DLR,"Digital Realty Trust",Equity,"Real Estate → REIT - Specialty"
DLTR,"Dollar Tree",Equity,"Consumer Defensive → Discount Stores"
DOC,"Healthpeak Properties",Equity,"Real Estate → REIT - Healthcare Facilities"
DOCN,"DigitalOcean Holdings",Equity,"Technology → Software - Infrastructure"
DOG,"ProShares Short Dow30",ETF,"Leveraged & Inverse"
DOGE-USD,"Dogecoin USD",Crypto,"Cryptocurrency"
DOV,"Dover",Equity,"Industrials → Specialty Industrial Machinery"
DOW,"Dow",Equity,"Basic Materials → Chemicals"
DPST,"Direxion Daily Regional Banks Bull 3X Shares",ETF,"Leveraged & Inverse"
DPZ,"Domino's Pizza",Equity,"Consumer Cyclical → Restaurants"
DRI,"Darden Restaurants",Equity,"Consumer Cyclical → Restaurants"
DRIP,"Direxion Daily S&P Oil & Gas Exp. & Prod. Bear 2X Shares",ETF,"Leveraged & Inverse"
DRV,"Direxion Daily Real Estate Bear 3X Shares",ETF,"Leveraged & Inverse"
DTE,"DTE Energy",Equity,"Utilities → Utilities - Regulated Electric"
DUK,"Duke Energy",Equity,"Utilities → Utilities - Regulated Electric"
DUST,"Direxion Daily Gold Miners Index Bear 2X Shares",ETF,"Leveraged & Inverse"
DVA,"DaVita",Equity,"Healthcare → Medical Care Facilities"
DVN,"Devon Energy",Equity,"Energy → Oil & Gas E&P"
DXCM,"DexCom",Equity,"Healthcare → Medical Devices"
DXD,"ProShares UltraShort Dow30",ETF,"Leveraged & Inverse"
EADSY,"Airbus SE",Equity,"Industrials → Aerospace & Defense"
EBAY,"eBay",Equity,"Consumer Cyclical → Internet Retail"
ECHO,"EchoStar",Equity,"Communication Services → Telecom Services"
ECL,"Ecolab",Equity,"Basic Materials → Specialty Chemicals"
ED,"Consolidated Edison",Equity,"Utilities → Utilities - Regulated Electric"
EDC,"Direxion Daily MSCI Emerging Markets Bull 3X Shares",ETF,"Leveraged & Inverse"
EDZ,"Direxion Daily MSCI Emerging Markets Bear 3X Shares",ETF,"Leveraged & Inverse"
EEM,"iShares MSCI Emerging Markets ETF",ETF,"Index / Sector / Thematic"
EEV,"ProShares UltraShort MSCI Emerging Markets",ETF,"Leveraged & Inverse"
EFX,"Equifax",Equity,"Industrials → Consulting Services"
EG,"Everest Group",Equity,"Financial Services → Insurance - Reinsurance"
EIX,"Edison International",Equity,"Utilities → Utilities - Regulated Electric"
EL,"The Estée Lauder Companies",Equity,"Consumer Defensive → Household & Personal Products"
ELM,"Elm Market Navigator ETF",ETF,"Index / Sector / Thematic"
ELV,"Elevance Health",Equity,"Healthcare → Healthcare Plans"
EME,"EMCOR Group",Equity,"Industrials → Engineering & Construction"
EMR,"Emerson Electric",Equity,"Industrials → Specialty Industrial Machinery"
EOG,"EOG Resources",Equity,"Energy → Oil & Gas E&P"
EOSE,"Eos Energy Enterprises",Equity,"Industrials → Electrical Equipment & Parts"
EQIX,"Equinix",Equity,"Real Estate → REIT - Specialty"
EQT,"EQT",Equity,"Energy → Oil & Gas E&P"
ERIE,"Erie Indemnity",Equity,"Financial Services → Insurance Brokers"
ERX,"Direxion Daily Energy Bull 2X Shares",ETF,"Leveraged & Inverse"
ES,"Eversource Energy",Equity,"Utilities → Utilities - Regulated Electric"
ESS,"Essex Property Trust",Equity,"Real Estate → REIT - Residential"
ESTC,"Elastic",Equity,"Technology → Software - Application"
ET,"Energy Transfer LP",Equity,"Energy → Oil & Gas Midstream"
ETCG,"Grayscale Ethereum Classic Trust (ETC)",Equity,"Unclassified"
ETH,"Grayscale Ethereum Mini Trust ETF",ETF,"Index / Sector / Thematic"
ETH-USD,"Ethereum USD",Crypto,"Cryptocurrency"
ETHA,"iShares Ethereum Trust ETF",ETF,"Digital-Asset Fund"
ETHE,"Grayscale Ethereum Staking ETF",ETF,"Digital-Asset Fund"
ETHV,"VanEck Ethereum ETF",ETF,"Digital-Asset Fund"
ETHW,"Bitwise Ethereum ETF",ETF,"Digital-Asset Fund"
ETN,"Eaton Corporation",Equity,"Industrials → Specialty Industrial Machinery"
ETR,"Entergy",Equity,"Utilities → Utilities - Regulated Electric"
ETSY,"Etsy",Equity,"Consumer Cyclical → Internet Retail"
EUM,"ProShares Short MSCI Emerging Markets",ETF,"Leveraged & Inverse"
EVGOW,"EVgo",Equity,"Unclassified"
EVR,"Evercore",Equity,"Financial Services → Capital Markets"
EVRG,"Evergy",Equity,"Utilities → Utilities - Regulated Electric"
EW,"Edwards Lifesciences",Equity,"Healthcare → Medical Devices"
EWC,"iShares MSCI Canada ETF",ETF,"Index / Sector / Thematic"
EWG,"iShares MSCI Germany ETF",ETF,"Index / Sector / Thematic"
EWJ,"iShares MSCI Japan ETF",ETF,"Index / Sector / Thematic"
EWL,"iShares MSCI Switzerland ETF",ETF,"Index / Sector / Thematic"
EWU,"iShares MSCI United Kingdom ETF",ETF,"Index / Sector / Thematic"
EWW,"iShares MSCI Mexico ETF",ETF,"Index / Sector / Thematic"
EXC,"Exelon",Equity,"Utilities → Utilities - Regulated Electric"
EXE,"Expand Energy",Equity,"Energy → Oil & Gas E&P"
EXPD,"Expeditors International of Washington",Equity,"Industrials → Integrated Freight & Logistics"
EXPE,"Expedia Group",Equity,"Consumer Cyclical → Travel Services"
EXR,"Extra Space Storage",Equity,"Real Estate → REIT - Industrial"
F,"Ford Motor",Equity,"Consumer Cyclical → Auto Manufacturers"
FANG,"Diamondback Energy",Equity,"Energy → Oil & Gas E&P"
FAST,"Fastenal",Equity,"Industrials → Industrial Distribution"
FAZ,"Direxion Daily Financial Bear 3X Shares",ETF,"Leveraged & Inverse"
FBIO,"Fortress Biotech",Equity,"Healthcare → Biotechnology"
FBL,"GraniteShares 2x Long META Daily ETF",ETF,"Index / Sector / Thematic"
FCX,"Freeport-McMoRan",Equity,"Basic Materials → Copper"
FDS,"FactSet Research Systems",Equity,"Financial Services → Financial Data & Stock Exchanges"
FDX,"FedEx",Equity,"Industrials → Integrated Freight & Logistics"
FDXF,"FedEx Freight Holding Company",Equity,"Industrials → Integrated Freight & Logistics"
FE,"FirstEnergy",Equity,"Utilities → Utilities - Regulated Electric"
FEMY,"Femasys",Equity,"Healthcare → Medical Instruments & Supplies"
FER,"Ferrovial",Equity,"Industrials → Engineering & Construction"
FERG,"Ferguson Enterprises",Equity,"Industrials → Industrial Distribution"
FETH,"Fidelity Ethereum Fund",ETF,"Digital-Asset Fund"
FFIV,"F5",Equity,"Technology → Software - Infrastructure"
FICO,"Fair Isaac",Equity,"Technology → Software - Application"
FIS,"Fidelity National Information Services",Equity,"Technology → Information Technology Services"
FISV,"Fiserv",Equity,"Unclassified"
FITB,"Fifth Third Bancorp",Equity,"Financial Services → Banks - Regional"
FIX,"Comfort Systems USA",Equity,"Industrials → Engineering & Construction"
FKU,"First Trust United Kingdom AlphaDEX Fund",ETF,"Index / Sector / Thematic"
FLEX,"Flex",Equity,"Technology → Electronic Components"
FLMX,"Franklin FTSE Mexico ETF",ETF,"Index / Sector / Thematic"
FLNG,"FLEX LNG",Equity,"Energy → Oil & Gas Midstream"
FM,"iShares",ETF,"Index / Sector / Thematic"
FMS,"Fresenius Medical Care AG",Equity,"Healthcare → Medical Care Facilities"
FORM,"FormFactor",Equity,"Technology → Semiconductor Equipment & Materials"
FOX,"Fox",Equity,"Communication Services → Entertainment"
FOXA,"Fox",Equity,"Communication Services → Entertainment"
FRT,"Federal Realty Investment Trust",Equity,"Real Estate → REIT - Retail"
FSLR,"First Solar",Equity,"Technology → Solar"
FSLY,"Fastly",Equity,"Technology → Software - Application"
FTAI,"FTAI Aviation",Equity,"Industrials → Aerospace & Defense"
FTNT,"Fortinet",Equity,"Technology → Software - Infrastructure"
FTV,"Fortive",Equity,"Technology → Scientific & Technical Instruments"
FUTU,"Futu Holdings Limited",Equity,"Financial Services → Capital Markets"
FVRR,"Fiverr International",Equity,"Communication Services → Internet Content & Information"
FXI,"iShares China Large-Cap ETF",ETF,"Index / Sector / Thematic"
GAP,"The Gap",Equity,"Consumer Cyclical → Apparel Retail"
GBTC,"Grayscale Bitcoin Trust ETF",ETF,"Digital-Asset Fund"
GD,"General Dynamics",Equity,"Industrials → Aerospace & Defense"
GDDY,"GoDaddy",Equity,"Technology → Software - Infrastructure"
GDLC,"Grayscale CoinDesk Crypto 5 ETF",ETF,"Digital-Asset Fund"
GE,"GE Aerospace",Equity,"Industrials → Aerospace & Defense"
GEHC,"GE HealthCare Technologies",Equity,"Healthcare → Medical Devices"
GEN,"Gen Digital",Equity,"Technology → Software - Infrastructure"
GEV,"GE Vernova",Equity,"Industrials → Specialty Industrial Machinery"
GFAI,"Guardforce AI Co., Limited",Equity,"Industrials → Security & Protection Services"
GFF,"Griffon",Equity,"Industrials → Building Products & Equipment"
GGLL,"Direxion Daily GOOGL Bull 2X Shares",ETF,"Leveraged & Inverse"
GGLS,"Direxion Daily GOOGL Bear 1X Shares",ETF,"Leveraged & Inverse"
GILD,"Gilead Sciences",Equity,"Healthcare → Drug Manufacturers - General"
GIS,"General Mills",Equity,"Consumer Defensive → Packaged Foods"
GL,"Globe Life",Equity,"Financial Services → Insurance - Life"
GLD,"SPDR Gold Shares",ETF,"Index / Sector / Thematic"
GLDM,"SPDR Gold MiniShares",ETF,"Index / Sector / Thematic"
GLL,"ProShares UltraShort Gold",ETF,"Leveraged & Inverse"
GLNCY,"Glencore",Equity,"Basic Materials → Other Industrial Metals & Mining"
GLW,"Corning Incorporated",Equity,"Technology → Electronic Components"
GM,"General Motors",Equity,"Consumer Cyclical → Auto Manufacturers"
GNRC,"Generac Holdings",Equity,"Industrials → Specialty Industrial Machinery"
GOOG,"Alphabet",Equity,"Communication Services → Internet Content & Information"
GOOGL,"Alphabet",Equity,"Communication Services → Internet Content & Information"
GPC,"Genuine Parts",Equity,"Consumer Cyclical → Auto Parts"
GPCR,"Structure Therapeutics",Equity,"Healthcare → Biotechnology"
GPN,"Global Payments",Equity,"Industrials → Specialty Business Services"
GRAB,"Grab Holdings Limited",Equity,"Technology → Software - Application"
GRMN,"Garmin",Equity,"Technology → Scientific & Technical Instruments"
GRNY,"Fundstrat Granny Shots US Large Cap ETF",ETF,"Index / Sector / Thematic"
GRRR,"Gorilla Technology Group",Equity,"Technology → Software - Infrastructure"
GS,"The Goldman Sachs Group",Equity,"Financial Services → Capital Markets"
GTLB,"GitLab",Equity,"Technology → Software - Infrastructure"
GUSH,"Direxion Daily S&P Oil & Gas Exp. & Prod. Bull 2X Shares",ETF,"Leveraged & Inverse"
GWRE,"Guidewire Software",Equity,"Technology → Software - Application"
GWW,"W.W. Grainger",Equity,"Industrials → Industrial Distribution"
GXO,"GXO Logistics",Equity,"Industrials → Integrated Freight & Logistics"
HACK,"Amplify Cybersecurity ETF",ETF,"Index / Sector / Thematic"
HAIN,"The Hain Celestial Group",Equity,"Consumer Defensive → Packaged Foods"
HAL,"Halliburton",Equity,"Energy → Oil & Gas Equipment & Services"
HAS,"Hasbro",Equity,"Consumer Cyclical → Leisure"
HASI,"HA Sustainable Infrastructure Capital",Equity,"Financial Services → Asset Management"
HBAN,"Huntington Bancshares Incorporated",Equity,"Financial Services → Banks - Regional"
HCA,"HCA Healthcare",Equity,"Healthcare → Medical Care Facilities"
HD,"The Home Depot",Equity,"Consumer Cyclical → Home Improvement Retail"
HIG,"The Hartford Insurance Group",Equity,"Financial Services → Insurance - Diversified"
HII,"Huntington Ingalls Industries",Equity,"Industrials → Aerospace & Defense"
HLT,"Hilton Worldwide Holdings",Equity,"Consumer Cyclical → Lodging"
HNGE,"Hinge Health",Equity,"Healthcare → Health Information Services"
HON,"Honeywell International",Equity,"Industrials → Conglomerates"
HONA,"Honeywell Aerospace",Equity,"Industrials → Aerospace & Defense"
HOOD,"Robinhood Markets",Equity,"Financial Services → Capital Markets"
HOOG,"Leverage Shares 2X Long HOOD Daily ETF",ETF,"Leveraged & Inverse"
HOOX,"Defiance Daily Target 2X Long HOOD ETF",ETF,"Leveraged & Inverse"
HPE,"Hewlett Packard Enterprise",Equity,"Technology → Communication Equipment"
HPQ,"HP",Equity,"Technology → Computer Hardware"
HRL,"Hormel Foods",Equity,"Consumer Defensive → Packaged Foods"
HSIC,"Henry Schein",Equity,"Healthcare → Medical Distribution"
HST,"Host Hotels & Resorts",Equity,"Real Estate → REIT - Hotel & Motel"
HSY,"The Hershey",Equity,"Consumer Defensive → Confectioners"
HUBB,"Hubbell Incorporated",Equity,"Industrials → Electrical Equipment & Parts"
HUBS,"HubSpot",Equity,"Technology → Software - Application"
HUM,"Humana",Equity,"Healthcare → Healthcare Plans"
HUT,"Hut 8",Equity,"Financial Services → Capital Markets"
HWM,"Howmet Aerospace",Equity,"Industrials → Aerospace & Defense"
IBIT,"iShares Bitcoin Trust ETF",ETF,"Digital-Asset Fund"
IBKR,"Interactive Brokers Group",Equity,"Financial Services → Capital Markets"
IBM,"International Business Machines",Equity,"Technology → Information Technology Services"
ICE,"Intercontinental Exchange",Equity,"Financial Services → Financial Data & Stock Exchanges"
IDXX,"IDEXX Laboratories",Equity,"Healthcare → Diagnostics & Research"
IEO,"iShares U.S. Oil & Gas Exploration & Production ETF",ETF,"Index / Sector / Thematic"
IEV,"iShares Europe ETF",ETF,"Index / Sector / Thematic"
IEX,"IDEX",Equity,"Industrials → Specialty Industrial Machinery"
IFF,"International Flavors & Fragrances",Equity,"Basic Materials → Specialty Chemicals"
IGPT,"Invesco AI and Next Gen Software ETF",ETF,"Index / Sector / Thematic"
IHAK,"iShares Cybersecurity and Tech ETF",ETF,"Index / Sector / Thematic"
ILMN,"Illumina",Equity,"Healthcare → Diagnostics & Research"
INCY,"Incyte",Equity,"Healthcare → Biotechnology"
INFQ,"Infleqtion",Equity,"Technology → Software - Infrastructure"
INTC,"Intel",Equity,"Technology → Semiconductors"
INTU,"Intuit",Equity,"Technology → Software - Application"
INVH,"Invitation Homes",Equity,"Real Estate → REIT - Residential"
IONQ,"IonQ",Equity,"Technology → Computer Hardware"
IOT,"Samsara",Equity,"Technology → Software - Infrastructure"
IP,"International Paper",Equity,"Consumer Cyclical → Packaging & Containers"
IQ,"iQIYI",Equity,"Communication Services → Entertainment"
IQV,"IQVIA Holdings",Equity,"Healthcare → Diagnostics & Research"
IR,"Ingersoll Rand",Equity,"Industrials → Specialty Industrial Machinery"
IREN,"IREN Limited",Equity,"Financial Services → Capital Markets"
IRM,"Iron Mountain Incorporated",Equity,"Real Estate → REIT - Specialty"
ISRG,"Intuitive Surgical",Equity,"Healthcare → Medical Instruments & Supplies"
IT,"Gartner",Equity,"Technology → Information Technology Services"
ITUB,"Itaú Unibanco Holding",Equity,"Financial Services → Banks - Regional"
ITW,"Illinois Tool Works",Equity,"Industrials → Specialty Industrial Machinery"
IVV,"iShares Core S&P 500 ETF",ETF,"Index / Sector / Thematic"
IVZ,"Invesco",Equity,"Financial Services → Asset Management"
IWM,"iShares Russell 2000 ETF",ETF,"Index / Sector / Thematic"
J,"Jacobs Solutions",Equity,"Industrials → Engineering & Construction"
JBHT,"J.B. Hunt Transport Services",Equity,"Industrials → Integrated Freight & Logistics"
JBL,"Jabil",Equity,"Technology → Electronic Components"
JCI,"Johnson Controls International",Equity,"Industrials → Building Products & Equipment"
JD,"JD.com",Equity,"Consumer Cyclical → Internet Retail"
JEF,"Jefferies Financial Group",Equity,"Financial Services → Capital Markets"
JKHY,"Jack Henry & Associates",Equity,"Technology → Information Technology Services"
JKS,"JinkoSolar Holding Co.",Equity,"Technology → Solar"
JNJ,"Johnson & Johnson",Equity,"Healthcare → Drug Manufacturers - General"
JOBY,"Joby Aviation",Equity,"Industrials → Airports & Air Services"
JPM,"JPMorgan Chase &",Equity,"Financial Services → Banks - Diversified"
KDP,"Keurig Dr Pepper",Equity,"Consumer Defensive → Beverages - Non-Alcoholic"
KEY,"KeyCorp",Equity,"Financial Services → Banks - Regional"
KEYS,"Keysight Technologies",Equity,"Technology → Scientific & Technical Instruments"
KHC,"The Kraft Heinz",Equity,"Consumer Defensive → Packaged Foods"
KIM,"Kimco Realty",Equity,"Real Estate → REIT - Retail"
KKR,"KKR & Co.",Equity,"Financial Services → Asset Management"
KLAC,"KLA",Equity,"Technology → Semiconductor Equipment & Materials"
KLIC,"Kulicke and Soffa Industries",Equity,"Technology → Semiconductor Equipment & Materials"
KMB,"Kimberly-Clark",Equity,"Consumer Defensive → Household & Personal Products"
KMI,"Kinder Morgan",Equity,"Energy → Oil & Gas Midstream"
KMX,"CarMax",Equity,"Consumer Cyclical → Auto & Truck Dealerships"
KNSL,"Kinsale Capital Group",Equity,"Financial Services → Insurance - Property & Casualty"
KO,"The Coca-Cola",Equity,"Consumer Defensive → Beverages - Non-Alcoholic"
KOLD,"ProShares UltraShort Bloomberg Natural Gas",ETF,"Leveraged & Inverse"
KR,"The Kroger",Equity,"Consumer Defensive → Grocery Stores"
KRE,"State Street SPDR S&P Regional Banking ETF",ETF,"Index / Sector / Thematic"
KVUE,"Kenvue",Equity,"Consumer Defensive → Household & Personal Products"
KVYO,"Klaviyo",Equity,"Technology → Software - Application"
KWEB,"KraneShares CSI China Internet ETF",ETF,"Index / Sector / Thematic"
L,"Loews",Equity,"Financial Services → Insurance - Property & Casualty"
LABD,"Direxion Daily S&P Biotech Bear 3X Shares",ETF,"Leveraged & Inverse"
LABU,"Direxion Daily S&P Biotech Bull 3X Shares",ETF,"Leveraged & Inverse"
LAC,"Lithium Americas",Equity,"Basic Materials → Other Industrial Metals & Mining"
LAES,"SEALSQ",Equity,"Technology → Semiconductors"
LB,"LandBridge Company LLC",Equity,"Energy → Oil & Gas Equipment & Services"
LCID,"Lucid Group",Equity,"Consumer Cyclical → Auto Manufacturers"
LDOS,"Leidos Holdings",Equity,"Technology → Information Technology Services"
LEN,"Lennar",Equity,"Consumer Cyclical → Residential Construction"
LH,"Labcorp Holdings",Equity,"Healthcare → Diagnostics & Research"
LHX,"L3Harris Technologies",Equity,"Industrials → Aerospace & Defense"
LI,"Li Auto",Equity,"Consumer Cyclical → Auto Manufacturers"
LII,"Lennox International",Equity,"Industrials → Building Products & Equipment"
LIN,"Linde",Equity,"Basic Materials → Specialty Chemicals"
LITE,"Lumentum Holdings",Equity,"Technology → Communication Equipment"
LKNCY,"Luckin Coffee",Equity,"Consumer Cyclical → Restaurants"
LLY,"Eli Lilly and",Equity,"Healthcare → Drug Manufacturers - General"
LMND,"Lemonade",Equity,"Financial Services → Insurance - Property & Casualty"
LMT,"Lockheed Martin",Equity,"Industrials → Aerospace & Defense"
LNT,"Alliant Energy",Equity,"Utilities → Utilities - Regulated Electric"
LOW,"Lowe's Companies",Equity,"Consumer Cyclical → Home Improvement Retail"
LRCX,"Lam Research",Equity,"Technology → Semiconductor Equipment & Materials"
LULU,"lululemon athletica inc.",Equity,"Consumer Cyclical → Apparel Retail"
LUMN,"Lumen Technologies",Equity,"Communication Services → Telecom Services"
LUNR,"Intuitive Machines",Equity,"Industrials → Aerospace & Defense"
LUV,"Southwest Airlines",Equity,"Industrials → Airlines"
LVS,"Las Vegas Sands",Equity,"Consumer Cyclical → Resorts & Casinos"
LWAY,"Lifeway Foods",Equity,"Consumer Defensive → Packaged Foods"
LYB,"LyondellBasell Industries",Equity,"Basic Materials → Specialty Chemicals"
LYFT,"Lyft",Equity,"Technology → Software - Application"
LYG,"Lloyds Banking Group",Equity,"Financial Services → Banks - Regional"
LYV,"Live Nation Entertainment",Equity,"Communication Services → Entertainment"
MA,"Mastercard Incorporated",Equity,"Financial Services → Credit Services"
MAA,"Mid-America Apartment Communities",Equity,"Real Estate → REIT - Residential"
MAC,"The Macerich",Equity,"Real Estate → REIT - Retail"
MAR,"Marriott International",Equity,"Consumer Cyclical → Lodging"
MARA,"MARA Holdings",Equity,"Financial Services → Capital Markets"
MAS,"Masco",Equity,"Industrials → Building Products & Equipment"
MBGYY,"Mercedes-Benz Group AG",Equity,"Consumer Cyclical → Auto Manufacturers"
MCD,"McDonald's",Equity,"Consumer Cyclical → Restaurants"
MCHP,"Microchip Technology Incorporated",Equity,"Technology → Semiconductors"
MCK,"McKesson",Equity,"Healthcare → Medical Distribution"
MCO,"Moody's",Equity,"Financial Services → Financial Data & Stock Exchanges"
MDB,"MongoDB",Equity,"Technology → Software - Infrastructure"
MDLZ,"Mondelez International",Equity,"Consumer Defensive → Confectioners"
MDT,"Medtronic",Equity,"Healthcare → Medical Devices"
MELI,"MercadoLibre",Equity,"Consumer Cyclical → Internet Retail"
MET,"MetLife",Equity,"Financial Services → Insurance - Life"
META,"Meta Platforms",Equity,"Communication Services → Internet Content & Information"
MGM,"MGM Resorts International",Equity,"Consumer Cyclical → Resorts & Casinos"
MGPI,"MGP Ingredients",Equity,"Consumer Defensive → Beverages - Wineries & Distilleries"
MHK,"Mohawk Industries",Equity,"Consumer Cyclical → Furnishings, Fixtures & Appliances"
MIDZ,"Direxion Daily Mid Cap Bear 3X Shares",ETF,"Leveraged & Inverse"
MKC,"McCormick & Company, Incorporated",Equity,"Consumer Defensive → Packaged Foods"
MLM,"Martin Marietta Materials",Equity,"Basic Materials → Building Materials"
MMM,"3M",Equity,"Industrials → Conglomerates"
MNST,"Monster Beverage",Equity,"Consumer Defensive → Beverages - Non-Alcoholic"
MO,"Altria Group",Equity,"Consumer Defensive → Tobacco"
MOD,"Modine Manufacturing",Equity,"Consumer Cyclical → Auto Parts"
MOS,"The Mosaic",Equity,"Basic Materials → Agricultural Inputs"
MP,"MP Materials",Equity,"Basic Materials → Other Industrial Metals & Mining"
MPC,"Marathon Petroleum",Equity,"Energy → Oil & Gas Refining & Marketing"
MPWR,"Monolithic Power Systems",Equity,"Technology → Semiconductors"
MRK,"Merck & Co.",Equity,"Healthcare → Drug Manufacturers - General"
MRNA,"Moderna",Equity,"Healthcare → Biotechnology"
MRP,"Millrose Properties",Equity,"Real Estate → REIT - Residential"
MRSH,"Marsh & McLennan Companies",Equity,"Financial Services → Insurance Brokers"
MRVL,"Marvell Technology",Equity,"Technology → Semiconductors"
MS,"Morgan Stanley",Equity,"Financial Services → Capital Markets"
MSCI,"MSCI",Equity,"Financial Services → Financial Data & Stock Exchanges"
MSFT,"Microsoft",Equity,"Technology → Software - Infrastructure"
MSFU,"Direxion Daily MSFT Bull 2X Shares",ETF,"Leveraged & Inverse"
MSI,"Motorola Solutions",Equity,"Technology → Communication Equipment"
MSTR,"Strategy",Equity,"Technology → Software - Application"
MSTU,"T-Rex 2X Long MSTR Daily Target ETF",ETF,"Leveraged & Inverse"
MT,"ArcelorMittal",Equity,"Basic Materials → Steel"
MTB,"M&T Bank",Equity,"Financial Services → Banks - Regional"
MTD,"Mettler-Toledo International",Equity,"Healthcare → Diagnostics & Research"
MU,"Micron Technology",Equity,"Technology → Semiconductors"
MUU,"Direxion Daily MU Bull 2X Shares",ETF,"Leveraged & Inverse"
MYY,"ProShares Short MidCap400",ETF,"Leveraged & Inverse"
NBIS,"Nebius Group",Equity,"Communication Services → Internet Content & Information"
NCLH,"Norwegian Cruise Line Holdings",Equity,"Consumer Cyclical → Travel Services"
NDAQ,"Nasdaq",Equity,"Financial Services → Financial Data & Stock Exchanges"
NDSN,"Nordson",Equity,"Industrials → Specialty Industrial Machinery"
NEE,"NextEra Energy",Equity,"Utilities → Utilities - Regulated Electric"
NEM,"Newmont",Equity,"Basic Materials → Gold"
NET,"Cloudflare",Equity,"Technology → Software - Infrastructure"
NFLX,"Netflix",Equity,"Communication Services → Entertainment"
NGVC,"Natural Grocers by Vitamin Cottage",Equity,"Consumer Defensive → Grocery Stores"
NI,"NiSource",Equity,"Utilities → Utilities - Regulated Gas"
NIO,"NIO",Equity,"Consumer Cyclical → Auto Manufacturers"
NKE,"NIKE",Equity,"Consumer Cyclical → Footwear & Accessories"
NNN,"NNN REIT",Equity,"Real Estate → REIT - Retail"
NOC,"Northrop Grumman",Equity,"Industrials → Aerospace & Defense"
NOK,"Nokia Oyj",Equity,"Technology → Communication Equipment"
NOW,"ServiceNow",Equity,"Technology → Software - Application"
NRG,"NRG Energy",Equity,"Utilities → Utilities - Independent Power Producers"
NSC,"Norfolk Southern",Equity,"Industrials → Railroads"
NTAP,"NetApp",Equity,"Technology → Software - Infrastructure"
NTRS,"Northern Trust",Equity,"Financial Services → Asset Management"
NTSK,"Netskope",Equity,"Technology → Software - Infrastructure"
NU,"Nu Holdings",Equity,"Financial Services → Banks - Regional"
NUE,"Nucor",Equity,"Basic Materials → Steel"
NVD,"Graniteshares 2x Short NVDA Daily ETF",ETF,"Leveraged & Inverse"
NVDA,"NVIDIA",Equity,"Technology → Semiconductors"
NVDL,"GraniteShares 2x Long NVDA Daily ETF",ETF,"Leveraged & Inverse"
NVDX,"T-Rex 2X Long NVIDIA Daily Target ETF",ETF,"Leveraged & Inverse"
NVR,"NVR",Equity,"Consumer Cyclical → Residential Construction"
NWS,"News",Equity,"Communication Services → Entertainment"
NWSA,"News",Equity,"Communication Services → Entertainment"
NXE,"NexGen Energy",Equity,"Energy → Uranium"
NXPI,"NXP Semiconductors",Equity,"Technology → Semiconductors"
O,"Realty Income",Equity,"Real Estate → REIT - Retail"
ODFL,"Old Dominion Freight Line",Equity,"Industrials → Trucking"
OGN,"Organon &",Equity,"Healthcare → Drug Manufacturers - General"
OIH,"VanEck Oil Services ETF",ETF,"Index / Sector / Thematic"
OKE,"ONEOK",Equity,"Energy → Oil & Gas Midstream"
OKLL,"Defiance Daily Target 2X Long OKLO ETF",ETF,"Leveraged & Inverse"
OKLO,"Oklo",Equity,"Utilities → Utilities - Independent Power Producers"
OKTA,"Okta",Equity,"Technology → Software - Infrastructure"
OMC,"Omnicom Group",Equity,"Communication Services → Advertising Agencies"
ON,"ON Semiconductor",Equity,"Technology → Semiconductors"
ONON,"On Holding AG",Equity,"Consumer Cyclical → Footwear & Accessories"
ONTO,"Onto Innovation",Equity,"Technology → Semiconductor Equipment & Materials"
ORCL,"Oracle",Equity,"Technology → Software - Infrastructure"
ORLY,"O'Reilly Automotive",Equity,"Consumer Cyclical → Auto Parts"
OTF,"Blue Owl Technology Finance",Equity,"Financial Services → Asset Management"
OTIS,"Otis Worldwide",Equity,"Industrials → Specialty Industrial Machinery"
OUSM,"ALPS O'Shares U.S. Small-Cap Quality Dividend ETF Shares",ETF,"Index / Sector / Thematic"
OWL,"Blue Owl Capital",Equity,"Financial Services → Asset Management"
OXY,"Occidental Petroleum",Equity,"Energy → Oil & Gas E&P"
PAAS,"Pan American Silver",Equity,"Basic Materials → Gold"
PANW,"Palo Alto Networks",Equity,"Technology → Software - Infrastructure"
PATH,"UiPath",Equity,"Technology → Software - Infrastructure"
PAYX,"Paychex",Equity,"Technology → Software - Application"
PBW,"Invesco WilderHill Clean Energy ETF",ETF,"Index / Sector / Thematic"
PCAR,"PACCAR",Equity,"Industrials → Farm & Heavy Construction Machinery"
PCG,"PG&E",Equity,"Utilities → Utilities - Regulated Electric"
PDD,"PDD Holdings",Equity,"Consumer Cyclical → Internet Retail"
PEG,"Public Service Enterprise Group Incorporated",Equity,"Utilities → Utilities - Regulated Electric"
PEGA,"Pegasystems",Equity,"Technology → Software - Application"
PEP,"PepsiCo",Equity,"Consumer Defensive → Beverages - Non-Alcoholic"
PFE,"Pfizer",Equity,"Healthcare → Drug Manufacturers - General"
PFG,"Principal Financial Group",Equity,"Financial Services → Asset Management"
PG,"The Procter & Gamble",Equity,"Consumer Defensive → Household & Personal Products"
PGR,"The Progressive",Equity,"Financial Services → Insurance - Property & Casualty"
PH,"Parker-Hannifin",Equity,"Industrials → Specialty Industrial Machinery"
PHM,"PulteGroup",Equity,"Consumer Cyclical → Residential Construction"
PKG,"Packaging Corporation of America",Equity,"Consumer Cyclical → Packaging & Containers"
PKX,"POSCO Holdings",Equity,"Basic Materials → Steel"
PL,"Planet Labs PBC",Equity,"Industrials → Aerospace & Defense"
PLD,"Prologis",Equity,"Real Estate → REIT - Industrial"
PLTR,"Palantir Technologies",Equity,"Technology → Software - Infrastructure"
PM,"Philip Morris International",Equity,"Consumer Defensive → Tobacco"
PNC,"The PNC Financial Services Group",Equity,"Financial Services → Banks - Regional"
PNFP,"Pinnacle Financial Partners",Equity,"Financial Services → Banks - Regional"
PNR,"Pentair",Equity,"Industrials → Specialty Industrial Machinery"
PNW,"Pinnacle West Capital",Equity,"Utilities → Utilities - Regulated Electric"
PODD,"Insulet",Equity,"Healthcare → Medical Devices"
PONY,"Pony AI",Equity,"Technology → Information Technology Services"
PPG,"PPG Industries",Equity,"Basic Materials → Specialty Chemicals"
PPL,"PPL",Equity,"Utilities → Utilities - Regulated Electric"
PPLT,"abrdn Physical Platinum Shares ETF",ETF,"Index / Sector / Thematic"
PRSO,"Peraso",Equity,"Technology → Semiconductors"
PRU,"Prudential Financial",Equity,"Financial Services → Insurance - Life"
PSA,"Public Storage",Equity,"Real Estate → REIT - Industrial"
PSKY,"Paramount Skydance",Equity,"Communication Services → Entertainment"
PSQ,"ProShares Short QQQ",ETF,"Leveraged & Inverse"
PSX,"Phillips 66",Equity,"Energy → Oil & Gas Refining & Marketing"
PTC,"PTC",Equity,"Technology → Software - Application"
PWR,"Quanta Services",Equity,"Industrials → Engineering & Construction"
PYPL,"PayPal Holdings",Equity,"Financial Services → Credit Services"
Q,"Qnity Electronics",Equity,"Technology → Semiconductor Equipment & Materials"
QBTS,"D-Wave Quantum",Equity,"Technology → Computer Hardware"
QBTX,"Tradr 2X Long QBTS Daily ETF",ETF,"Leveraged & Inverse"
QBTZ,"Defiance Daily Target 2X Short QBTS ETF",ETF,"Leveraged & Inverse"
QCOM,"QUALCOMM Incorporated",Equity,"Technology → Semiconductors"
QID,"ProShares UltraShort QQQ",ETF,"Leveraged & Inverse"
QMCO,"Quantum",Equity,"Technology → Computer Hardware"
QNC,"Quantum eMotion",Equity,"Technology → Software - Infrastructure"
QQQ,"Invesco QQQ Trust",ETF,"Index / Sector / Thematic"
QS,"QuantumScape",Equity,"Consumer Cyclical → Auto Parts"
QSI,"Quantum-Si incorporated",Equity,"Healthcare → Medical Devices"
QTUM,"Defiance Quantum ETF",ETF,"Index / Sector / Thematic"
QUBT,"Quantum Computing",Equity,"Technology → Computer Hardware"
QXO,"QXO",Equity,"Industrials → Industrial Distribution"
QYLD,"Global X NASDAQ 100 Covered Call ETF",ETF,"Index / Sector / Thematic"
RBLX,"Roblox",Equity,"Communication Services → Electronic Gaming & Multimedia"
RCL,"Royal Caribbean Cruises",Equity,"Consumer Cyclical → Travel Services"
RDDT,"Reddit",Equity,"Communication Services → Internet Content & Information"
RDW,"Redwire",Equity,"Industrials → Aerospace & Defense"
REBN,"Reborn Coffee",Equity,"Consumer Cyclical → Restaurants"
REG,"Regency Centers",Equity,"Real Estate → REIT - Retail"
REGN,"Regeneron Pharmaceuticals",Equity,"Healthcare → Biotechnology"
REMX,"VanEck Rare Earth and Strategic Metals ETF",ETF,"Index / Sector / Thematic"
RF,"Regions Financial",Equity,"Financial Services → Banks - Regional"
RGTI,"Rigetti Computing",Equity,"Technology → Computer Hardware"
RGTX,"Defiance Daily Target 2X Long RGTI ETF",ETF,"Leveraged & Inverse"
RGTZ,"Defiance Daily Target 2X Short RGTI ETF",ETF,"Leveraged & Inverse"
RIG,"Transocean",Equity,"Energy → Oil & Gas Drilling"
RIO,"Rio Tinto Group",Equity,"Basic Materials → Other Industrial Metals & Mining"
RIOT,"Riot Platforms",Equity,"Financial Services → Capital Markets"
RIVN,"Rivian Automotive",Equity,"Consumer Cyclical → Auto Manufacturers"
RJF,"Raymond James Financial",Equity,"Financial Services → Asset Management"
RKDA,"Arcadia Biosciences",Equity,"Consumer Defensive → Packaged Foods"
RKLB,"Rocket Lab",Equity,"Industrials → Aerospace & Defense"
RKLZ,"Defiance Daily Target 2X Short RKLB ETF",ETF,"Index / Sector / Thematic"
RL,"Ralph Lauren",Equity,"Consumer Cyclical → Apparel Manufacturing"
RLAY,"Relay Therapeutics",Equity,"Healthcare → Biotechnology"
RMD,"ResMed",Equity,"Healthcare → Medical Instruments & Supplies"
ROBO,"Robo Global Robotics and Automation Index ETF",ETF,"Index / Sector / Thematic"
ROK,"Rockwell Automation",Equity,"Industrials → Specialty Industrial Machinery"
ROL,"Rollins",Equity,"Consumer Cyclical → Personal Services"
ROOT,"Root",Equity,"Financial Services → Insurance - Property & Casualty"
ROP,"Roper Technologies",Equity,"Technology → Software - Application"
ROST,"Ross Stores",Equity,"Consumer Cyclical → Apparel Retail"
RS,"Reliance",Equity,"Basic Materials → Steel"
RSG,"Republic Services",Equity,"Industrials → Waste Management"
RSP,"Invesco S&P 500 Equal Weight ETF",ETF,"Index / Sector / Thematic"
RTX,"RTX",Equity,"Industrials → Aerospace & Defense"
RUN,"Sunrun",Equity,"Technology → Solar"
RVTY,"Revvity",Equity,"Healthcare → Diagnostics & Research"
RWM,"ProShares Short Russell2000",ETF,"Leveraged & Inverse"
RXRX,"Recursion Pharmaceuticals",Equity,"Healthcare → Biotechnology"
S,"SentinelOne",Equity,"Technology → Software - Infrastructure"
SAIC,"Science Applications International",Equity,"Technology → Information Technology Services"
SAN,"Banco Santander",Equity,"Financial Services → Banks - Diversified"
SAP,"SAP SE",Equity,"Technology → Software - Application"
SBAC,"SBA Communications",Equity,"Real Estate → REIT - Specialty"
SBB,"ProShares Short SmallCap600",ETF,"Leveraged & Inverse"
SBRA,"Sabra Health Care REIT",Equity,"Real Estate → REIT - Healthcare Facilities"
SBSW,"Sibanye Stillwater Limited",Equity,"Basic Materials → Other Precious Metals & Mining"
SBUX,"Starbucks",Equity,"Consumer Cyclical → Restaurants"
SCCO,"Southern Copper",Equity,"Basic Materials → Copper"
SCHW,"The Charles Schwab",Equity,"Financial Services → Capital Markets"
SCHW-PD,"The Charles Schwab",Equity,"Financial Services → Capital Markets"
SCO,"ProShares UltraShort Bloomberg Crude Oil",ETF,"Leveraged & Inverse"
SDOW,"ProShares UltraPro Short Dow30",ETF,"Leveraged & Inverse"
SDP,"ProShares UltraShort Utilities",ETF,"Leveraged & Inverse"
SDS,"ProShares UltraShort S&P500",ETF,"Leveraged & Inverse"
SEB,"Seaboard",Equity,"Industrials → Conglomerates"
SEMI,"Columbia Select Technology ETF",ETF,"Index / Sector / Thematic"
SFM,"Sprouts Farmers Market",Equity,"Consumer Defensive → Grocery Stores"
SFTBY,"SoftBank Group",Equity,"Communication Services → Telecom Services"
SG,"Sweetgreen",Equity,"Consumer Cyclical → Restaurants"
SGML,"Sigma Lithium",Equity,"Basic Materials → Other Industrial Metals & Mining"
SH,"ProShares Short S&P500",ETF,"Leveraged & Inverse"
SHAK,"Shake Shack",Equity,"Consumer Cyclical → Restaurants"
SHEL,"Shell",Equity,"Energy → Oil & Gas Integrated"
SHMD,"SCHMID Group",Equity,"Industrials → Specialty Industrial Machinery"
SHOP,"Shopify",Equity,"Technology → Software - Application"
SHW,"The Sherwin-Williams",Equity,"Basic Materials → Specialty Chemicals"
SJM,"The J. M. Smucker",Equity,"Consumer Defensive → Packaged Foods"
SKF,"ProShares UltraShort Financials",ETF,"Leveraged & Inverse"
SKHY,"SK hynix",Equity,"Technology → Semiconductors"
SLB,"SLB",Equity,"Energy → Oil & Gas Equipment & Services"
SLG,"SL Green Realty",Equity,"Real Estate → REIT - Office"
SLV,"iShares Silver Trust",ETF,"Index / Sector / Thematic"
SMCI,"Super Micro Computer",Equity,"Technology → Computer Hardware"
SMDD,"ProShares UltraPro Short MidCap400",ETF,"Leveraged & Inverse"
SMH,"VanEck Semiconductor ETF",ETF,"Index / Sector / Thematic"
SMST,"Defiance Daily Target 2X Short MSTR ETF",ETF,"Leveraged & Inverse"
SMTC,"Semtech",Equity,"Technology → Semiconductors"
SN,"SharkNinja",Equity,"Consumer Cyclical → Furnishings, Fixtures & Appliances"
SNA,"Snap-on Incorporated",Equity,"Industrials → Tools & Accessories"
SNDK,"Sandisk",Equity,"Technology → Computer Hardware"
SNDU,"T-REX 2X Long SNDK Daily Target ETF",ETF,"Leveraged & Inverse"
SNOW,"Snowflake",Equity,"Technology → Software - Application"
SNPS,"Synopsys",Equity,"Technology → Software - Infrastructure"
SNX,"TD SYNNEX",Equity,"Technology → Electronics & Computer Distribution"
SO,"The Southern",Equity,"Utilities → Utilities - Regulated Electric"
SOL-USD,"Solana USD",Crypto,"Cryptocurrency"
SOLT,"2x Solana ETF",ETF,"Leveraged & Inverse"
SOLV,"Solventum",Equity,"Healthcare → Medical Instruments & Supplies"
SOLZ,"Solana ETF",ETF,"Leveraged & Inverse"
SOUN,"SoundHound AI",Equity,"Technology → Software - Application"
SOUX,"Defiance Daily Target 2X Long SOUN ETF",ETF,"Leveraged & Inverse"
SOXL,"Direxion Daily Semiconductor Bull 3X Shares",ETF,"Leveraged & Inverse"
SOXS,"Direxion Daily Semiconductor Bear 3X Shares",ETF,"Leveraged & Inverse"
SPAM,"Themes Cybersecurity ETF",ETF,"Index / Sector / Thematic"
SPCX,"Space Exploration Technologies",Equity,"Industrials → Aerospace & Defense"
SPG,"Simon Property Group",Equity,"Real Estate → REIT - Retail"
SPGI,"S&P Global",Equity,"Financial Services → Financial Data & Stock Exchanges"
SPOT,"Spotify Technology",Equity,"Communication Services → Internet Content & Information"
SPWR,"SunPower",Equity,"Technology → Solar"
SPXL,"Direxion Daily S&P500 Bull 3X Shares",ETF,"Leveraged & Inverse"
SPXS,"Direxion Daily S&P 500 Bear 3X Shares",ETF,"Leveraged & Inverse"
SPXU,"ProShares UltraPro Short S&P500",ETF,"Leveraged & Inverse"
SQQQ,"ProShares UltraPro Short QQQ",ETF,"Leveraged & Inverse"
SRE,"Sempra",Equity,"Utilities → Utilities - Diversified"
SRNE,"Sorrento Therapeutics",Equity,"Healthcare → Biotechnology"
SRRK,"Scholar Rock Holding",Equity,"Healthcare → Biotechnology"
SRTA,"Strata Critical Medical",Equity,"Healthcare → Medical Care Facilities"
SRTY,"ProShares UltraPro Short Russell2000",ETF,"Leveraged & Inverse"
SRUUF,"Sprott Physical Uranium Trust Fund",Equity,"Energy → Uranium"
SSG,"ProShares UltraShort Semiconductors",ETF,"Leveraged & Inverse"
STE,"STERIS",Equity,"Healthcare → Medical Devices"
STLD,"Steel Dynamics",Equity,"Basic Materials → Steel"
STT,"State Street",Equity,"Financial Services → Asset Management"
STX,"Seagate Technology Holdings",Equity,"Technology → Computer Hardware"
STZ,"Constellation Brands",Equity,"Consumer Defensive → Beverages - Brewers"
SW,"Smurfit Westrock Plc",Equity,"Consumer Cyclical → Packaging & Containers"
SWK,"Stanley Black & Decker",Equity,"Industrials → Tools & Accessories"
SWKS,"Skyworks Solutions",Equity,"Technology → Semiconductors"
SYF,"Synchrony Financial",Equity,"Financial Services → Credit Services"
SYK,"Stryker",Equity,"Healthcare → Medical Devices"
SYM,"Symbotic",Equity,"Industrials → Specialty Industrial Machinery"
SYY,"Sysco",Equity,"Consumer Defensive → Food Distribution"
SZK,"ProShares UltraShort Consumer Staples",ETF,"Leveraged & Inverse"
T,"AT&T",Equity,"Communication Services → Telecom Services"
TACK,"Fairlead Tactical Sector Fund",ETF,"Index / Sector / Thematic"
TAN,"Invesco Solar ETF",ETF,"Index / Sector / Thematic"
TAP,"Molson Coors Beverage",Equity,"Consumer Defensive → Beverages - Brewers"
TBHC,"The Brand House Collective",Equity,"Consumer Cyclical → Home Improvement Retail"
TCEHY,"Tencent Holdings Limited",Equity,"Communication Services → Internet Content & Information"
TDC,"Teradata",Equity,"Technology → Software - Infrastructure"
TDG,"TransDigm Group Incorporated",Equity,"Industrials → Aerospace & Defense"
TDOC,"Teladoc Health",Equity,"Healthcare → Health Information Services"
TDY,"Teledyne Technologies Incorporated",Equity,"Technology → Scientific & Technical Instruments"
TEAM,"Atlassian",Equity,"Technology → Software - Application"
TECH,"Bio-Techne",Equity,"Healthcare → Biotechnology"
TECK,"Teck Resources Limited",Equity,"Basic Materials → Copper"
TECS,"Direxion Daily Technology Bear 3X Shares",ETF,"Leveraged & Inverse"
TEL,"TE Connectivity",Equity,"Technology → Electronic Components"
TER,"Teradyne",Equity,"Technology → Semiconductor Equipment & Materials"
TEX,"Terex",Equity,"Industrials → Farm & Heavy Construction Machinery"
TFC,"Truist Financial",Equity,"Financial Services → Banks - Regional"
TGE,"The Generation Essentials Group",Equity,"Financial Services → Asset Management"
TGT,"Target",Equity,"Consumer Defensive → Discount Stores"
TH,"Target Hospitality",Equity,"Industrials → Specialty Business Services"
TIGR,"UP Fintech Holding Limited",Equity,"Financial Services → Capital Markets"
TJX,"The TJX Companies",Equity,"Consumer Cyclical → Apparel Retail"
TKO,"TKO Group Holdings",Equity,"Communication Services → Entertainment"
TLT,"iShares 20+ Year Treasury Bond ETF",ETF,"Index / Sector / Thematic"
TMO,"Thermo Fisher Scientific",Equity,"Healthcare → Diagnostics & Research"
TMUS,"T-Mobile US",Equity,"Communication Services → Telecom Services"
TNA,"Direxion Daily Small Cap Bull 3X Shares",ETF,"Leveraged & Inverse"
TNK,"Teekay Tankers",Equity,"Energy → Oil & Gas Midstream"
TOL,"Toll Brothers",Equity,"Consumer Cyclical → Residential Construction"
TOST,"Toast",Equity,"Technology → Software - Infrastructure"
TPL,"Texas Pacific Land",Equity,"Energy → Oil & Gas E&P"
TPR,"Tapestry",Equity,"Consumer Cyclical → Luxury Goods"
TQQQ,"ProShares UltraPro QQQ",ETF,"Leveraged & Inverse"
TRGP,"Targa Resources",Equity,"Energy → Oil & Gas Midstream"
TRI,"Thomson Reuters",Equity,"Industrials → Specialty Business Services"
TRMB,"Trimble",Equity,"Technology → Scientific & Technical Instruments"
TRMD,"TORM",Equity,"Energy → Oil & Gas Midstream"
TROW,"T. Rowe Price Group",Equity,"Financial Services → Asset Management"
TRV,"The Travelers Companies",Equity,"Financial Services → Insurance - Property & Casualty"
TSCO,"Tractor Supply",Equity,"Consumer Cyclical → Specialty Retail"
TSDD,"Graniteshares 2x Short TSLA Daily ETF",ETF,"Leveraged & Inverse"
TSLA,"Tesla",Equity,"Consumer Cyclical → Auto Manufacturers"
TSLL,"Direxion Daily TSLA Bull 2X Shares",ETF,"Leveraged & Inverse"
TSLR,"Graniteshares 2x Long TSLA Daily ETF",ETF,"Leveraged & Inverse"
TSLS,"Direxion Daily TSLA Bear 1X Shares",ETF,"Leveraged & Inverse"
TSLZ,"T-Rex 2X Inverse Tesla Daily Target ETF",ETF,"Leveraged & Inverse"
TSM,"Taiwan Semiconductor Manufacturing Company Limited",Equity,"Technology → Semiconductors"
TSN,"Tyson Foods",Equity,"Consumer Defensive → Farm Products"
TT,"Trane Technologies",Equity,"Industrials → Building Products & Equipment"
TTD,"The Trade Desk",Equity,"Communication Services → Advertising Agencies"
TTWO,"Take-Two Interactive Software",Equity,"Communication Services → Electronic Gaming & Multimedia"
TUR,"iShares MSCI Turkey ETF",ETF,"Index / Sector / Thematic"
TW,"Tradeweb Markets",Equity,"Financial Services → Capital Markets"
TWLO,"Twilio",Equity,"Technology → Software - Infrastructure"
TWM,"ProShares UltraShort Russell2000",ETF,"Leveraged & Inverse"
TXN,"Texas Instruments Incorporated",Equity,"Technology → Semiconductors"
TXT,"Textron",Equity,"Industrials → Aerospace & Defense"
TYL,"Tyler Technologies",Equity,"Technology → Software - Application"
TZA,"Direxion Daily Small Cap Bear 3X Shares",ETF,"Leveraged & Inverse"
U,"Unity Software",Equity,"Technology → Software - Application"
UAL,"United Airlines Holdings",Equity,"Industrials → Airlines"
UBER,"Uber Technologies",Equity,"Technology → Software - Application"
UCAR,"U Power Limited",Equity,"Consumer Cyclical → Auto & Truck Dealerships"
UCO,"ProShares Ultra Bloomberg Crude Oil",ETF,"Leveraged & Inverse"
UCTT,"Ultra Clean Holdings",Equity,"Technology → Semiconductor Equipment & Materials"
UCYB,"ProShares Ultra Nasdaq Cybersecurity",ETF,"Index / Sector / Thematic"
UDOW,"ProShares UltraPro Dow30",ETF,"Leveraged & Inverse"
UDR,"UDR",Equity,"Real Estate → REIT - Residential"
UEC,"Uranium Energy",Equity,"Energy → Uranium"
UGL,"ProShares Ultra Gold",ETF,"Leveraged & Inverse"
UHS,"Universal Health Services",Equity,"Healthcare → Medical Care Facilities"
UI,"Ubiquiti",Equity,"Technology → Communication Equipment"
ULTA,"Ulta Beauty",Equity,"Consumer Cyclical → Specialty Retail"
UNG,"United States Natural Gas Fund, LP",ETF,"Index / Sector / Thematic"
UNH,"UnitedHealth Group Incorporated",Equity,"Healthcare → Healthcare Plans"
UNP,"Union Pacific",Equity,"Industrials → Railroads"
UPRO,"ProShares UltraPro S&P500",ETF,"Leveraged & Inverse"
UPS,"United Parcel Service",Equity,"Industrials → Integrated Freight & Logistics"
UPST,"Upstart Holdings",Equity,"Financial Services → Credit Services"
UPWK,"Upwork",Equity,"Communication Services → Internet Content & Information"
URA,"Global X Uranium ETF",ETF,"Index / Sector / Thematic"
URI,"United Rentals",Equity,"Industrials → Rental & Leasing Services"
URNM,"Sprott Uranium Miners ETF",ETF,"Index / Sector / Thematic"
USB,"U.S. Bancorp",Equity,"Financial Services → Banks - Regional"
UVXY,"ProShares Ultra VIX Short-Term Futures ETF",ETF,"Leveraged & Inverse"
V,"Visa",Equity,"Financial Services → Credit Services"
VALE,"Vale",Equity,"Basic Materials → Other Industrial Metals & Mining"
VECO,"Veeco Instruments",Equity,"Technology → Semiconductor Equipment & Materials"
VEEV,"Veeva Systems",Equity,"Healthcare → Health Information Services"
VGK,"Vanguard FTSE Europe ETF",ETF,"Index / Sector / Thematic"
VGT,"Vanguard Information Technology Index Fund ETF Shares",ETF,"Index / Sector / Thematic"
VICI,"VICI Properties",Equity,"Real Estate → REIT - Diversified"
VIPS,"Vipshop Holdings Limited",Equity,"Consumer Cyclical → Internet Retail"
VIRT,"Virtu Financial",Equity,"Financial Services → Capital Markets"
VIS,"Vanguard Industrials Index Fund ETF Shares",ETF,"Index / Sector / Thematic"
VIXY,"ProShares VIX Short-Term Futures ETF",ETF,"Leveraged & Inverse"
VKTX,"Viking Therapeutics",Equity,"Healthcare → Biotechnology"
VLO,"Valero Energy",Equity,"Energy → Oil & Gas Refining & Marketing"
VLRS,"Controladora Vuela Compañía de Aviación, S.A.B. de C.V.",Equity,"Industrials → Airlines"
VLTO,"Veralto",Equity,"Industrials → Pollution & Treatment Controls"
VMC,"Vulcan Materials",Equity,"Basic Materials → Building Materials"
VNOM,"Viper Energy",Equity,"Energy → Oil & Gas Midstream"
VOX,"Vanguard Communication Services Index Fund ETF Shares",ETF,"Index / Sector / Thematic"
VRSK,"Verisk Analytics",Equity,"Industrials → Consulting Services"
VRSN,"VeriSign",Equity,"Technology → Software - Infrastructure"
VRT,"Vertiv Holdings Co",Equity,"Industrials → Electrical Equipment & Parts"
VRTX,"Vertex Pharmaceuticals Incorporated",Equity,"Healthcare → Biotechnology"
VST,"Vistra",Equity,"Utilities → Utilities - Independent Power Producers"
VTR,"Ventas",Equity,"Real Estate → REIT - Healthcare Facilities"
VTRS,"Viatris",Equity,"Healthcare → Drug Manufacturers - Specialty & Generic"
VTSAX,"Vanguard MStar Total Stk Mkt Idx Admiral",Fund,"Mutual Fund"
VTWO,"Vanguard Russell 2000 Index Fund ETF Shares",ETF,"Index / Sector / Thematic"
VTWV,"Vanguard Russell 2000 Value Index Fund ETF Shares",ETF,"Index / Sector / Thematic"
VZ,"Verizon Communications",Equity,"Communication Services → Telecom Services"
WAB,"Westinghouse Air Brake Technologies",Equity,"Industrials → Railroads"
WAL,"Western Alliance Bancorporation",Equity,"Financial Services → Banks - Regional"
WANT,"Direxion Daily Cnsmr Discret Bull 3XShrs",ETF,"Index / Sector / Thematic"
WAT,"Waters",Equity,"Healthcare → Diagnostics & Research"
WBD,"Warner Bros. Discovery",Equity,"Communication Services → Entertainment"
WCBR,"WisdomTree Cybersecurity Fund",ETF,"Index / Sector / Thematic"
WDAY,"Workday",Equity,"Technology → Software - Application"
WDC,"Western Digital",Equity,"Technology → Computer Hardware"
WEAT,"Teucrium Wheat Fund",ETF,"Index / Sector / Thematic"
WEC,"WEC Energy Group",Equity,"Utilities → Utilities - Regulated Electric"
WELL,"Welltower",Equity,"Real Estate → REIT - Healthcare Facilities"
WEN,"The Wendy's",Equity,"Consumer Cyclical → Restaurants"
WFC,"Wells Fargo &",Equity,"Financial Services → Banks - Diversified"
WHR,"Whirlpool",Equity,"Consumer Cyclical → Furnishings, Fixtures & Appliances"
WIMI,"WiMi Hologram Cloud",Equity,"Communication Services → Advertising Agencies"
WISE,"Themes Generative Artificial Intelligence ETF",ETF,"Index / Sector / Thematic"
WIT,"Wipro Limited",Equity,"Technology → Information Technology Services"
WM,"Waste Management",Equity,"Industrials → Waste Management"
WMB,"The Williams Companies",Equity,"Energy → Oil & Gas Midstream"
WMT,"Walmart",Equity,"Consumer Defensive → Discount Stores"
WRB,"W. R. Berkley",Equity,"Financial Services → Insurance - Property & Casualty"
WSM,"Williams-Sonoma",Equity,"Consumer Cyclical → Specialty Retail"
WST,"West Pharmaceutical Services",Equity,"Healthcare → Medical Instruments & Supplies"
WTI,"W&T Offshore",Equity,"Energy → Oil & Gas E&P"
WTW,"Willis Towers Watson Public Limited",Equity,"Financial Services → Insurance Brokers"
WULF,"TeraWulf",Equity,"Financial Services → Capital Markets"
WY,"Weyerhaeuser",Equity,"Real Estate → REIT - Specialty"
WYNN,"Wynn Resorts, Limited",Equity,"Consumer Cyclical → Resorts & Casinos"
XEL,"Xcel Energy",Equity,"Utilities → Utilities - Regulated Electric"
XLB,"State Street Materials Select Sector SPDR ETF",ETF,"Index / Sector / Thematic"
XLC,"State Street Communication Services Select Sector SPDR ETF",ETF,"Index / Sector / Thematic"
XLE,"State Street Energy Select Sector SPDR ETF",ETF,"Index / Sector / Thematic"
XLI,"State Street Industrial Select Sector SPDR ETF",ETF,"Index / Sector / Thematic"
XLU,"State Street Utilities Select Sector SPDR ETF",ETF,"Index / Sector / Thematic"
XMAG,"Defiance Large Cap ex-Mag 7 ETF",ETF,"Index / Sector / Thematic"
XOM,"ExxonMobil Holdings",Equity,"Energy → Oil & Gas Integrated"
XP,"XP",Equity,"Financial Services → Capital Markets"
XPEV,"XPeng",Equity,"Consumer Cyclical → Auto Manufacturers"
XYL,"Xylem",Equity,"Industrials → Specialty Industrial Machinery"
XYZ,"Block",Equity,"Technology → Software - Infrastructure"
YANG,"Direxion Daily FTSE China Bear 3X Shares",ETF,"Leveraged & Inverse"
YINN,"Direxion Daily FTSE China Bull 3X Shares",ETF,"Leveraged & Inverse"
YMM,"Full Truck Alliance Co.",Equity,"Technology → Software - Application"
YQ,"17 Education & Technology Group",Equity,"Consumer Defensive → Education & Training Services"
YUM,"Yum! Brands",Equity,"Consumer Cyclical → Restaurants"
ZBH,"Zimmer Biomet Holdings",Equity,"Healthcare → Medical Devices"
ZBRA,"Zebra Technologies",Equity,"Technology → Communication Equipment"
ZION,"Zions Bancorporation, National Association",Equity,"Financial Services → Banks - Regional"
ZM,"Zoom Communications",Equity,"Technology → Software - Application"
ZS,"Zscaler",Equity,"Technology → Software - Infrastructure"
ZSL,"ProShares UltraShort Silver",ETF,"Leveraged & Inverse"
ZTS,"Zoetis",Equity,"Healthcare → Drug Manufacturers - Specialty & Generic"
